{
    "general" : {
    "timestep": 5,


    "Kp": 0.015,
    "Ti": 500,
    "Td": 25, 
    "Gbar": 6,
    "Gmin" : 3.889,
    "us": 25.1,
    "kappa" : 10e+6,

    "W" : 0.75
    },
    "MVP" :   {
            "state_keys" : ["D1", "D2", "Isc", "Ip", "Ieff", "G", "Gsc"],
            "D1" : 0,
            "D2" : 0,
            "Isc" : 12.4726368, 
            "Ip" : 12.4726368,
            "Ieff" : 0.101028358,
            "G" : 6, 
            "Gsc" : 6, 
        
            "tau1": 49, 
            "tau2": 47,
            "C1": 20.1,  
            "p2": 0.0106,
            "S1": 0.0081, 
            "gezi": 0.0022, 
            "egp0": 1.33, 
            "Vg": 253, 
            "taum": 47
        

        },
        "EHM" : {
                "state_keys" : ["G", "Q1", "Q2", "S1", "S2", "I", "x1", "x2", "x3", "D1", "D2", "Z1", "Z2", "E1", "E2", "TE"],
                "G" : 6,
                "Q1" : 61.6,
                "Q2" : 25.2287,
                "S1" : 365.4445,
                "S2" : 355.4445,
                "I" : 5.650,
                "x1" : 0.0289,
                "x2" : 0.0046,
                "x3" : 0.2938,
                "D1" : 0,
                "D2" : 0,
                "Z1" : 0,
                "Z2" : 0,
                "E1" : 0,
                "E2" : 0,
                "TE" : 100,
                
                "us": 6.644,
                "HRR" : 0,
            
            
                "TauIG" : 6.7,
                "F01" : 0.0097,
                "VG" : 0.16,
                "k12" : 0.066,
                "f" : 1,
                "TauD" : 40.00,
                "EGP0" : 0.0161,
                "Kglu" : 0.075,
                "MwG" : 180.1577,
                "alpha" : 1.79,
                "beta" : 0.78,
                "TauS" : 55.00,
                "VI" : 0.12,
                "ke" : 0.14,
                "kb1" : 3.072e-5,
                "kb2" : 4.920e-5,
                "kb3" : 0.0016,
                "ka1" : 0.006,
                "ka2" : 0.06,
                "ka3" : 0.03,
                "AG" : 0.8,
                "Tauglu" : 19,
                "TauHR" : 5,
                "age" : 25,
                "HR0" : 70,
                "Tauin" : 1,
                "a" : 0.77,
                "n" : 3,
                "c1" : 500,
                "c2" : 100,
                "Tauex" : 200,
                "BW" : 70
            
            },
        "SD" : {
            "state_keys" : ["SRs"],
            "SRs": 0,
            "alpha": 89.9,
            "gamma": 0.76,
            "KD" : 6.6,
            "h" : 92.5
        },
        "PID" : {
            "state_keys" : ["I"],
            "I" : 0,
            "Kp": 0.17,
            "Ti": 98.8,
            "Td": 37.6,
            "ybar" : 5.5
        },
        "PKPM" : {
            "state_keys" : ["M", "P", "R", "gamma", "D", "DIR", "rho"],
            "M": 126753,
            "P" : 10,
            "R" : 10000,
            "gamma" : 1e-5,
            "D" : 950,
            "DIR" : 50,
            "rho" : 0.015,
        
            "Gu" : 4.58,
            "Gl" : 10,
            "alpha1" : [50.4934, 116.89],
            "delta1" : [3.98e-4, 1.5e-4],
            "v" : [3.16e-5, 7.89e-5],
            "delta2" : 0.3,
            "k" : 0.1,
            "eta" : 4,
            "gammab" : 1e-5,
            "hhat" : 1.38e-3,
            "zeta" : 4,
            "rhob" : 0.015,
            "fb" : 0.05,
            "k1p" : 5.788e-5,
            "CT" : 300,
            "k1m" : 0.255,
            "krho" : 1050,
            "I0" : 1.6,
            "Kf" : 3.43,
            "N" : 2.76e+6 
        }
        }
