{
    "general" : {
    "timestep": 0.1,

    "pancreas_n" : 10,

    "Kp": 0.5,
    "Ti": 500,
    "Td": 25, 
    "Gbar": 6,
    "Gmin" : 3.889,
    "kappa" : 10e+6,

    "W" : 0.75
    },
    "MVP" :   {
            "state_keys" : ["D1", "D2", "Isc", "Ip", "Ieff", "G", "Gsc"],
            "D1" : 0,
            "D2" : 0,
            "Isc" :  1.24726368,
            "Ip" : 1.24726368,
            "Ieff" : 0.0101028358,
            "G" : 6, 
            "Gsc" : 6, 
        
            "tau1": 49, 
            "tau2": 47,
            "CI": 20.1,  
            "p2": 0.0106,
            "SI": 0.0081, 
            "GEZI": 0.0022, 
            "EGP0": 0.073815, 
            "VG": 253, 
            "taum": 47,
            "tausc" : 5,

            "us" : 25.1

        

        },
        "EHM" : {
                "state_keys" : ["G","Gsc", "Q1", "Q2", "S1", "S2", "I", "x1", "x2", "x3", "D1", "D2"],
                "G" : 6,
                "Gsc" : 6,
                "Q1" : 67.20,
                "Q2" : 26.67654554,
                "S1" : 353.4536856,
                "S2" : 353.4536856,
                "I" : 5.464651908,
                "x1" : 0.02797901777,
                "x2" : 0.004481014565,
                "x3" : 0.2914481018,
                "D1" : 0,
                "D2" : 0,

                
                "us": 6.426430647,
            
            
                "tauig" : 6.7,
                "taud" : 40.00,
                "taus" : 55.00,
                "tausc" : 5,


                "F01" : 0.0097,
                "EGP0" : 0.0161,
                "Kglu" : 0.075,
                "MwG" : 180.1577,

                "age" : 25,
                "BW" : 70,
                "VI" : 0.12,
                "VG" : 0.16,

                "ke" : 0.14,
                "AG" : 0.8,

                "k12" : 0.066,

                "kb1" : 3.072e-5,
                "kb2" : 4.920e-5,
                "kb3" : 0.0016,
                "ka1" : 0.006,
                "ka2" : 0.06,
                "ka3" : 0.03
            
            },
        "SD" : {
            "state_keys" : ["SRs"],
            "SRs": 0,
            "alpha": 89.9,
            "gamma": 0.76,
            "KD" : 6.6,
            "h" : 92.5
        },
        "PID" : {
            "state_keys" : ["I"],
            "I" : 0,
            "Kp": 0.17,
            "Ti": 98.8,
            "Td": 37.6,
            "ybar" : 5.5
        },
        "PKPM" : {
            "state_keys" : ["M", "P", "R", "gamma", "D", "DIR", "rho"],
            "M": 7.79266667e+05,
            "P" : 10,
            "R" : 3.95163108e+04,
            "gamma" : 1.48000000e-03,
            "D" : 4.56230687e+03,
            "DIR" :  3.99481831e+01,
            "rho" : 1.46400000e+00,
        
            "Gl" : 4.58,
            "Gu" : 10,
            "alpha1" : [50.4934, 116.89],
            "delta1" : [3.98e-4, 1.5e-4],
            "v" : [3.16e-5, 7.89e-5],
            "delta2" : 0.3,
            "k" : 0.1,
            "eta" : 4,
            "gammab" : 1e-4,
            "hhat" : 3.93e-3,
            "zeta" : 4,
            "rhob" : 0.015,
            "fb" : 0.05,

            "normal" : {
            "W" : 1,
            "k1p" : 5.788e-5,
            "k1m" : 0.255,
            "CT" : 300,
            "krho" : 1050,
            "I0" : 0.2666666e-6,
            "Kf" : 3.43,
            "N" : 2.76e6
            },

            "T2" : {
            "W" : 0.75,
            "k1p" : 1.447e-5,
            "k1m" : 0.10375,
            "CT" : 500,
            "krho" : 350,
            "I0" : 0.2666667e-6,
            "Kf" : 3.43,
            "N" : 2.76e6
            } 
        }
        }
